id,title,description,price,availability,condition,brand,image_link,link,google_product_category
1006,MONITOR 19 HAYOM MO6001 PROMOCAO,Monitor 19 MO6001,"285,00 BRL",in stock,new,Hayom,monitor-hayom-19-mo6001.webp,https://www.primosinformatica.com.br,Electronics > Computers & Accessories
400772,MONITOR 21.5 PHILIPS LED FULL HD 221V8 WVA HDMI,Monitor 21.5 Full HD 221V8 WVA HDMI,"825,00 BRL",in stock,new,Philips,monitor-philips-215-fullhd-221v8.webp,https://www.primosinformatica.com.br,Electronics > Computers & Accessories
1117,MONITOR 15.4 HAYOM MO 6006,Monitor 15.4 MO6006,"300,00 BRL",in stock,new,Hayom,monitor-hayom-154-mo6006.webp,https://www.primosinformatica.com.br,Electronics > Computers & Accessories
1115,MONITOR 17.1 HAYOM MO6004,Monitor 17.1 MO6004,"330,00 BRL",in stock,new,Hayom,monitor-hayom-171-mo6004.webp,https://www.primosinformatica.com.br,Electronics > Computers & Accessories
1419,GABINETE ATX HAYOM 171023,Gabinete ATX HAYOM 171023,"172,00 BRL",in stock,new,Hayom,gabinete-hayom-171023.webp,https://www.primosinformatica.com.br,Electronics > Computers & Accessories
402663,GABINETE ATX HAYOM 171050,Gabinete ATX HAYOM 171050,"172,00 BRL",in stock,new,Hayom,gabinete-hayom-171050.webp,https://www.primosinformatica.com.br,Electronics > Computers & Accessories
1553,GABINETE GAMER BRANCO HAYOM 1791,Gabinete Gamer Branco HAYOM 1791,"329,00 BRL",in stock,new,Hayom,gabinete-gamer-branco-hayom-1791.webp,https://www.primosinformatica.com.br,Electronics > Computers & Accessories
402664,GABINETE GAMER HAYOM GB171049,Gabinete Gamer HAYOM GB171049,"238,00 BRL",in stock,new,Hayom,gabinete-gamer-hayom-gb171049.webp,https://www.primosinformatica.com.br,Electronics > Computers & Accessories
1868,GABINETE GAMER HAYOM AQUARIO 3 FANS GB1787,Gabinete Gamer HAYOM Aquario 3 Fans GB1787,"172,00 BRL",in stock,new,Hayom,gabinete-gamer-hayom-aquario-gb1787.webp,https://www.primosinformatica.com.br,Electronics > Computers & Accessories
1927,GABINETE GAMER HAYOM BRANCO GB1799,Gabinete Gamer HAYOM Branco GB1799,"390,00 BRL",in stock,new,Hayom,gabinete-gamer-hayom-branco-gb1799.webp,https://www.primosinformatica.com.br,Electronics > Computers & Accessories
1555,GABINETE GAMER HAYOM C 3 FANS GB1769,Gabinete Gamer HAYOM C 3 Fans GB1769,"272,00 BRL",in stock,new,Hayom,gabinete-gamer-hayom-c-3fans-gb1769.webp,https://www.primosinformatica.com.br,Electronics > Computers & Accessories
1947,GABINETE GAMER HAYOM PRETO GB1798 3 COOLER,Gabinete Gamer HAYOM Preto GB1798 3 Cooler,"272,00 BRL",in stock,new,Hayom,gabinete-gamer-hayom-preto-gb1798-3cooler.webp,https://www.primosinformatica.com.br,Electronics > Computers & Accessories
401821,GABINETE GAMER HAYOM VIDRO GB1701,Gabinete Gamer HAYOM Vidro GB1701,"440,00 BRL",in stock,new,Hayom,gabinete-gamer-hayom-vidro-gb1701.webp,https://www.primosinformatica.com.br,Electronics > Computers & Accessories
402665,GABINETE GAMER PRETO HAYOM 171090,Gabinete Gamer Preto HAYOM 171090,"345,00 BRL",in stock,new,Hayom,gabinete-gamer-preto-hayom-171090.webp,https://www.primosinformatica.com.br,Electronics > Computers & Accessories
1742,GABINETE HAYOM FONTE S/CABO GB1751,Gabinete HAYOM Fonte s/cabo GB1751,"135,00 BRL",in stock,new,Hayom,gabinete-hayom-fonte-scabo-gb1751.webp,https://www.primosinformatica.com.br,Electronics > Computers & Accessories
1554,GABINETE GAMER GB1792,Gabinete Gamer GB1792,"240,00 BRL",in stock,new,Hayom,gabinete-hayom-gb1792.webp,https://www.primosinformatica.com.br,Electronics > Computers & Accessories
1947,GABINETE GAMER MID TOWER C/3 FANS HAYOM GB1789,Gabinete Gamer Mid Tower com 3 Fans Hayom GB1789,"372,00 BRL",in stock,new,Hayom,gabinete-hayom-gb1789.webp,https://www.primosinformatica.com.br,Electronics > Computers & Accessories
400396,MOUSE MULTILASER SEM FIO PRETO MO307,Mouse sem fio preto MO307,"22,00 BRL",in stock,new,Multilaser,mouse-multilaser-mo307.webp,https://www.primosinformatica.com.br,Electronics > Computers & Accessories
402226,MOUSE MULTILASER PRETO USB MO255,Mouse USB preto MO255,"15,00 BRL",in stock,new,Multilaser,mouse-multilaser-mo255.webp,https://www.primosinformatica.com.br,Electronics > Computers & Accessories
1939,MOUSE MULTILASER SEM FIO RECARREGÁVEL 2.4 GHZ MO277,Mouse recarregável sem fio MO277,"70,00 BRL",in stock,new,Multilaser,mouse-multilaser-mo277.webp,https://www.primosinformatica.com.br,Electronics > Computers & Accessories
1938,MOUSE MULTILASER S/FIO BLUETOOTH M5750 MO403,Mouse Bluetooth sem fio MO403,"90,00 BRL",in stock,new,Multilaser,mouse-multilaser-mo403.webp,https://www.primosinformatica.com.br,Electronics > Computers & Accessories
1536,ROTEADOR WR TP-LINK MESH AC1200 EC220-G5,Roteador Mesh AC1200 EC220-G5,"201,00 BRL",in stock,new,TP-Link,roteador-tplink-ec220g5.webp,https://www.primosinformatica.com.br,Electronics > Computers & Accessories
1352,ROTEADOR WR TP-LINK DUAL BAND AC1350 EC230-G1,Roteador Dual Band AC1350 EC230-G1,"260,00 BRL",in stock,new,TP-Link,roteador-tplink-ec230g1.webp,https://www.primosinformatica.com.br,Electronics > Computers & Accessories
1879,ROTEADOR WRE MERCUSYS AC1200 D BAND GIGABIT MR30G,Roteador AC1200 Dual Band MR30G,"199,00 BRL",in stock,new,Mercusys,roteador-mercusys-mr30g.webp,https://www.primosinformatica.com.br,Electronics > Computers & Accessories
1881,ROTEADOR TP-LINK AC1350 C60 ARCHER DUAL BAND,Roteador Dual Band AC1350 C60 Archer,"209,00 BRL",in stock,new,TP-Link,roteador-tplink-c60.webp,https://www.primosinformatica.com.br,Electronics > Computers & Accessories
1088,ROTEADOR WR TP LINK AX1500 DUAL BAND AX12 WIFI 6,Roteador AX1500 Dual Band AX12 WiFi 6,"280,00 BRL",in stock,new,TP-Link,roteador-tplink-ax12.webp,https://www.primosinformatica.com.br,Electronics > Computers & Accessories
402579,ROTEADOR WR TP LINK AX1800 DUAL BAND AX23 WIFI 6,Roteador AX1800 Dual Band AX23 WiFi 6,"470,00 BRL",in stock,new,TP-Link,roteador-tplink-ax23.webp,https://www.primosinformatica.com.br,Electronics > Computers & Accessories
1562,UBIQUITI AP UNIFI AC U6-PRO 4X4 S/FONTE,Access Point UniFi AC U6-Pro 4x4,"1775,00 BRL",in stock,new,Ubiquiti,ap-ubiquiti-u6pro.webp,https://www.primosinformatica.com.br,Electronics > Computers & Accessories
1072,UBIQUITI AP UNIFI UAP-AC-LITE-BR,Access Point UniFi UAP-AC-Lite,"890,00 BRL",in stock,new,Ubiquiti,ap-ubiquiti-uapaclite.webp,https://www.primosinformatica.com.br,Electronics > Computers & Accessories
1559,REPETIDOR WIRELESS TPLINK DUAL BAND AC750 RE200,Repetidor Dual Band AC750 RE200,"189,00 BRL",in stock,new,TP-Link,repetidor-tplink-re200.webp,https://www.primosinformatica.com.br,Electronics > Computers & Accessories
1291,ADAPTADOR USB REDE RJ45 3.0,Adaptador USB RJ45 2.0,"145,00 BRL",in stock,new,Generico,adaptador-usb-rj45-empree.webp,https://www.primosinformatica.com.br,Electronics > Computers & Accessories
1532,ADAPTADOR USB WIRELESS 600MBPS 5G,Adaptador USB Wireless 600Mbps 5G,"105,00 BRL",in stock,new,Generico,adaptador-usb-600mbps-5g.webp,https://www.primosinformatica.com.br,Electronics > Computers & Accessories
1296,ADAPTADOR USB WIRELESS AC1300 TENDA U12,Adaptador USB Wireless AC1300 U12,"150,00 BRL",in stock,new,Tenda,adaptador-tenda-u12.webp,https://www.primosinformatica.com.br,Electronics > Computers & Accessories
1558,ADAPTADOR USB WIRELESS AC1300 TP-LINK ARCHER T3U,Adaptador USB Wireless AC1300 T3U,"165,00 BRL",in stock,new,TP-Link,adaptador-tplink-t3u.webp,https://www.primosinformatica.com.br,Electronics > Computers & Accessories
1560,ADAPTADOR USB WIRELESS AC1300 TP-LINK ARCHER T4U,Adaptador USB Wireless AC1300 T4U,"210,00 BRL",in stock,new,TP-Link,adaptador-tplink-t4u.webp,https://www.primosinformatica.com.br,Electronics > Computers & Accessories
1557,ADAPTADOR USB WIRELESS TX20U PLUS TP-LINK WIFI 6,Adaptador USB TX20U Plus WiFi 6,"225,00 BRL",in stock,new,TP-Link,adaptador-tplink-tx20u.webp,https://www.primosinformatica.com.br,Electronics > Computers & Accessories
1871,TECLADO BRIGHT PRETO USB 0014,Teclado USB preto 0014,"19,90 BRL",in stock,new,Bright,teclado-bright-usb-0014.webp,https://www.primosinformatica.com.br,Electronics > Computers & Accessories
1867,MOUSE HAYOM OFFICER USB MU2904,Mouse USB Officer MU2904,"5,90 BRL",in stock,new,Hayom,mouse-hayom-mu2904.webp,https://www.primosinformatica.com.br,Electronics > Computers & Accessories
1698,MOUSE GAMER FORTREX RGB CRUSADER 70526,Mouse gamer RGB Crusader 70526,"87,25 BRL",in stock,new,Fortrex,mouse-fortrex-crusader-70526.webp,https://www.primosinformatica.com.br,Electronics > Computers & Accessories
1699,MOUSE GAMER FORTREX RGB CRUSADER BRANCO 83910,Mouse gamer RGB Crusader branco 83910,"123,71 BRL",in stock,new,Fortrex,mouse-fortrex-crusader-branco-83910.webp,https://www.primosinformatica.com.br,Electronics > Computers & Accessories
40123,MOUSE FORTREX GAMER USB SPIDER 2 OM-705 3200,Mouse gamer USB Spider OM-705 3200,"33,00 BRL",in stock,new,Fortrex,mouse-fortrex-spider-om705.webp,https://www.primosinformatica.com.br,Electronics > Computers & Accessories
1900,MOUSE FORTREX USB OM1101 800DPI 62845,Mouse USB OM1101 800DPI,"9,99 BRL",in stock,new,Fortrex,mouse-fortrex-om1101.webp,https://www.primosinformatica.com.br,Electronics > Computers & Accessories
402475,MOUSE GAMER FORTREX USB OM702 TARANTULA 2000,Mouse gamer USB OM702 Tarantula 2000,"37,74 BRL",in stock,new,Fortrex,mouse-fortrex-tarantula-om702.webp,https://www.primosinformatica.com.br,Electronics > Computers & Accessories
1851,MOUSE LOGITECH USB M240 SILENT BRANCO,Mouse USB M240 Silent branco,"105,00 BRL",in stock,new,Logitech,mouse-logitech-m240-silent-branco.webp,https://www.primosinformatica.com.br,Electronics > Computers & Accessories
1575,MOUSE LOGITECH USB M90 CINZA,Mouse USB M90 cinza,"45,00 BRL",in stock,new,Logitech,mouse-logitech-m90-cinza.webp,https://www.primosinformatica.com.br,Electronics > Computers & Accessories
1897,MOUSE LOGITECH USB VERMELHO M105,Mouse USB vermelho M105,"39,00 BRL",in stock,new,Logitech,mouse-logitech-m105-vermelho.webp,https://www.primosinformatica.com.br,Electronics > Computers & Accessories
400113,MOUSE LOGITECH WIRELESS AZUL M170,Mouse wireless azul M170,"77,00 BRL",in stock,new,Logitech,mouse-logitech-m170-azul.webp,https://www.primosinformatica.com.br,Electronics > Computers & Accessories
1576,MOUSE LOGITECH WIRELESS PRETO M170,Mouse wireless preto M170,"65,00 BRL",in stock,new,Logitech,mouse-logitech-m170-preto.webp,https://www.primosinformatica.com.br,Electronics > Computers & Accessories
1850,MOUSE LOGITECH SEM FIO M650 SIGNATURE PRETO,Mouse sem fio M650 Signature preto,"253,82 BRL",in stock,new,Logitech,mouse-logitech-m650-signature-preto.webp,https://www.primosinformatica.com.br,Electronics > Computers & Accessories
1841,MOUSE LOGITECH WIRELESS M310 PRETO,Mouse wireless M310 preto,"130,00 BRL",in stock,new,Logitech,mouse-logitech-m310-preto.webp,https://www.primosinformatica.com.br,Electronics > Computers & Accessories
1840,MOUSE LOGITECH WIRELESS M196 BT BRANCO,Mouse wireless M196 BT branco,"92,00 BRL",in stock,new,Logitech,mouse-logitech-m196-branco.webp,https://www.primosinformatica.com.br,Electronics > Computers & Accessories
1837,MOUSE LOGITECH WIRELESS ANYWHERE S3 GRAF,Mouse wireless Anywhere S3 grafite,"600,00 BRL",in stock,new,Logitech,mouse-logitech-anywhere-s3.webp,https://www.primosinformatica.com.br,Electronics > Computers & Accessories
1290,MOUSE FEASSO SEM FIO FAMS-11,Mouse sem fio FAMS-11,"45,00 BRL",in stock,new,Feasso,mouse-feasso-fams11.webp,https://www.primosinformatica.com.br,Electronics > Computers & Accessories
1949,PLACA MAE BRAZILPC A520 AM4 ULTRA,Placa-mãe chipset A520 socket AM4,"555,00 BRL",in stock,new,BrazilPC,placa-mae-brazilpc-a520.webp,https://www.primosinformatica.com.br,Electronics > Computers & Accessories
1950,PLACA MAE BRAZILPC H510 1200 DDR4,Placa-mãe H510 socket LGA1200 DDR4,"605,00 BRL",in stock,new,BrazilPC,placa-mae-brazilpc-h510.webp,https://www.primosinformatica.com.br,Electronics > Computers & Accessories
1659,CAIXA DE SOM JBL BOOMBOX 3 BLACK,Caixa de som bluetooth JBL Boombox 3 IPX7,"3102,45 BRL",in stock,new,JBL,jbl-boombox-3-black.webp,https://www.primosinformatica.com.br,Electronics > Computers & Accessories
1967,KVM 2 PORTAS SWITCH USB,Switch KVM USB com 2 portas,"155,00 BRL",in stock,new,Generico,kvm-2-portas-usb.webp,https://www.primosinformatica.com.br,Electronics > Computers & Accessories
1499,SPLITTER HDMI 8 PORTAS KNUK PK-SW100,Splitter HDMI com 8 portas,"180,00 BRL",in stock,new,Knuk,splitter-hdmi-8-portas.webp,https://www.primosinformatica.com.br,Electronics > Computers & Accessories
1951,CABO DE REDE CAT6 305M LAN MAX,Cabo de rede CAT6 caixa 305 metros,"860,00 BRL",in stock,new,Lan Max,cabo-rede-cat6-305m-lanmax.webp,https://www.primosinformatica.com.br,Electronics > Computers & Accessories
1948,CABO DE REDE CAT6 100M AZUL MPT,Cabo de rede CAT6 azul caixa 100 metros,"261,00 BRL",in stock,new,MPT,cabo-rede-cat6-100m-mpt.webp,https://www.primosinformatica.com.br,Electronics > Computers & Accessories
1592,CABO DE REDE CAT6 305M SOHPLUS AZUL,Cabo de rede CAT6 azul caixa 305 metros,"1333,00 BRL",in stock,new,Sohplus,cabo-rede-cat6-305m-sohplus.webp,https://www.primosinformatica.com.br,Electronics > Computers & Accessories
1561,SWITCH TP-LINK 16 PORTAS GIGABIT TL-SG1016,Switch Gigabit 16 portas TP-Link,"640,00 BRL",in stock,new,TP-Link,switch-tplink-tl-sg1016.webp,https://www.primosinformatica.com.br,Electronics > Computers & Accessories
1351,SWITCH TP-LINK 24 PORTAS GIGABIT SG1024D,Switch Gigabit 24 portas TP-Link,"850,00 BRL",in stock,new,TP-Link,switch-tplink-sg1024d.webp,https://www.primosinformatica.com.br,Electronics > Computers & Accessories
1353,SWITCH TP-LINK 8 PORTAS GIGABIT LS1008G,Switch Gigabit 8 portas TP-Link,"183,00 BRL",in stock,new,TP-Link,switch-tplink-ls1008g.webp,https://www.primosinformatica.com.br,Electronics > Computers & Accessories
1204,SWITCH TP-LINK 5 PORTAS GIGABIT LS1005G,Switch Gigabit 5 portas TP-Link,"115,00 BRL",in stock,new,TP-Link,switch-tplink-ls1005g.webp,https://www.primosinformatica.com.br,Electronics > Computers & Accessories
1058,SWITCH MERCUSYS 8 PORTAS GIGABIT MS108G,Switch Gigabit 8 portas Mercusys,"115,00 BRL",in stock,new,Mercusys,switch-mercusys-ms108g.webp,https://www.primosinformatica.com.br,Electronics > Computers & Accessories
1059,SWITCH MERCUSYS 5 PORTAS GIGABIT MS105G,Switch Gigabit 5 portas Mercusys,"84,30 BRL",in stock,new,Mercusys,switch-mercusys-ms105g.webp,https://www.primosinformatica.com.br,Electronics > Computers & Accessories
400548,KVM D-LINK 16 PORTAS USB PS2 KVM-450,Switch KVM 16 portas USB e PS/2,"1655,00 BRL",in stock,new,D-Link,kvm-dlink-kvm450.webp,https://www.primosinformatica.com.br,Electronics > Computers & Accessories
1823,CABO CONSOLE USB RJ45,Cabo console USB para RJ45,"70,00 BRL",in stock,new,Generico,cabo-console-usb-rj45.webp,https://www.primosinformatica.com.br,Electronics > Computers & Accessories
1631,WEB CAMERA USB FULL HD 1080P,Webcam USB resolução Full HD 1080p,"78,00 BRL",in stock,new,Generico,webcam-usb-fullhd.webp,https://www.primosinformatica.com.br,Electronics > Computers & Accessories
401767,WEBCAM LED 1.5MP USB COM MICROFONE,Webcam USB 1.5MP com microfone,"145,00 BRL",in stock,new,BrazilPC,webcam-led-15mp-brazilpc.webp,https://www.primosinformatica.com.br,Electronics > Computers & Accessories
1838,WEBCAM LOGITECH BRIO 100 GRAFITE,Webcam Logitech Brio 100 Full HD,"325,00 BRL",in stock,new,Logitech,webcam-logitech-brio-100.webp,https://www.primosinformatica.com.br,Electronics > Computers & Accessories
1869,WEBCAM LOGITECH FULL HD C925E,Webcam Full HD C925E,"685,00 BRL",in stock,new,Logitech,webcam-logitech-c925e.webp,https://www.primosinformatica.com.br,Electronics > Computers & Accessories
1870,WEBCAM LOGITECH HD 1280 X 720P C270HD,Webcam HD C270,"220,00 BRL",in stock,new,Logitech,webcam-logitech-c270.webp,https://www.primosinformatica.com.br,Electronics > Computers & Accessories
402010,TECLADO OEX GAME ZIGGY MECANICO PRETO TC-607,Teclado mecânico Ziggy TC-607,"355,00 BRL",in stock,new,OEX,teclado-oex-ziggy-tc607.webp,https://www.primosinformatica.com.br,Electronics > Computers & Accessories
1695,TECLADO GAMER MEC FORTREK GRAVITY 100,Teclado mecânico Gravity 100,"209,55 BRL",in stock,new,Fortrek,teclado-fortrek-gravity100.webp,https://www.primosinformatica.com.br,Electronics > Computers & Accessories
1692,TECLADO GAMER MEC FORTREK GRAVITY 100 BR,Teclado mecânico Gravity 100 BR,"296,13 BRL",in stock,new,Fortrek,teclado-fortrek-gravity100br.webp,https://www.primosinformatica.com.br,Electronics > Computers & Accessories
1684,TECLADO GAMER MEC FORTREK GRAVITY 65,Teclado mecânico Gravity 65,"176,19 BRL",in stock,new,Fortrek,teclado-fortrek-gravity65.webp,https://www.primosinformatica.com.br,Electronics > Computers & Accessories
1683,TECLADO GAMER MEC FORTREK GRAVITY 80,Teclado mecânico Gravity 80,"197,60 BRL",in stock,new,Fortrek,teclado-fortrek-gravity80.webp,https://www.primosinformatica.com.br,Electronics > Computers & Accessories
1579,KIT TECLADO E MOUSE SEM FIO SILENT LOGITECH MK295,Kit teclado e mouse MK295 Silent,"260,00 BRL",in stock,new,Logitech,kit-logitech-mk295.webp,https://www.primosinformatica.com.br,Electronics > Computers & Accessories
1411,KIT TECLADO E MOUSE FORTREK RANGER 7055I,Kit teclado e mouse Ranger 7055I,"149,78 BRL",in stock,new,Fortrek,kit-fortrek-ranger7055i.webp,https://www.primosinformatica.com.br,Electronics > Computers & Accessories
1343,KIT TECLADO E MOUSE LOGITECH WIRELESS MK220,Kit teclado e mouse MK220,"170,00 BRL",in stock,new,Logitech,kit-logitech-mk220.webp,https://www.primosinformatica.com.br,Electronics > Computers & Accessories
1578,KIT TECLADO E MOUSE LOGITECH WIRELESS MK235,Kit teclado e mouse MK235,"192,00 BRL",in stock,new,Logitech,kit-logitech-mk235.webp,https://www.primosinformatica.com.br,Electronics > Computers & Accessories
1842,KIT TECLADO E MOUSE LOGITECH WIRELESS MK250,Kit teclado e mouse MK250,"200,00 BRL",in stock,new,Logitech,kit-logitech-mk250.webp,https://www.primosinformatica.com.br,Electronics > Computers & Accessories
1834,KIT TECLADO E MOUSE LOGITECH WIRELESS MK345,Kit teclado e mouse MK345,"268,00 BRL",in stock,new,Logitech,kit-logitech-mk345.webp,https://www.primosinformatica.com.br,Electronics > Computers & Accessories
401921,KIT TECLADO E MOUSE LOGITECH WIRELESS MK540,Kit teclado e mouse MK540,"390,00 BRL",in stock,new,Logitech,kit-logitech-mk540.webp,https://www.primosinformatica.com.br,Electronics > Computers & Accessories
1138,TECLADO GAMER MEC BALLISTIC CINETIC DAZZ,Teclado mecânico Ballistic Cinetic,"165,00 BRL",in stock,new,Dazz,teclado-dazz-ballistic-cinetic.webp,https://www.primosinformatica.com.br,Electronics > Computers & Accessories
402155,TECLADO MULTILASER USB MULTIMÍDIA TC193,Teclado USB multimídia TC193,"25,00 BRL",in stock,new,Multilaser,teclado-multilaser-tc193.webp,https://www.primosinformatica.com.br,Electronics > Computers & Accessories
1086,KIT TECLADO E MOUSE OEX CAMBO OFFICE TM.406,Kit teclado e mouse TM.406,"125,00 BRL",in stock,new,OEX,kit-oex-tm406.webp,https://www.primosinformatica.com.br,Electronics > Computers & Accessories
1841,TECLADO LOGITECH GAMER G413SE,Teclado gamer G413SE,"585,00 BRL",in stock,new,Logitech,teclado-logitech-g413se.webp,https://www.primosinformatica.com.br,Electronics > Computers & Accessories
402216,MINI TECLADO MULTILASER MEC GK-510,Mini teclado mecânico GK-510,"195,00 BRL",in stock,new,Multilaser,teclado-multilaser-gk510.webp,https://www.primosinformatica.com.br,Electronics > Computers & Accessories
1243,MINI TECLADO TOUCHPAD WIRELESS KEYBOARD KNUP VERDE,Mini teclado touchpad wireless verde,"45,00 BRL",in stock,new,Knup,mini-teclado-knup-verde.webp,https://www.primosinformatica.com.br,Electronics > Computers & Accessories
2133,KIT TECLADO E MOUSE WIRELESS FATSC40 FEASSO 495,Kit teclado e mouse FATSC40,"250,00 BRL",in stock,new,Feasso,kit-feasso-fatsc40.webp,https://www.primosinformatica.com.br,Electronics > Computers & Accessories
1146,TECLADO USB PRETO BPC-8236 BRAZIL,Teclado USB preto BPC-8236,"25,00 BRL",in stock,new,BPC,teclado-bpc-8236.webp,https://www.primosinformatica.com.br,Electronics > Computers & Accessories
1231,TECLADO NUMERICO KNUP,Teclado numérico Knup,"40,00 BRL",in stock,new,Knup,teclado-numerico-knup.webp,https://www.primosinformatica.com.br,Electronics > Computers & Accessories
1696,KIT TECLADO E MOUSE 5 FIO OFFICER FORTREK CW11,Kit teclado e mouse CW11,"76,09 BRL",in stock,new,Fortrek,kit-fortrek-cw11.webp,https://www.primosinformatica.com.br,Electronics > Computers & Accessories
1085,KIT TECLADO E MOUSE 5 FIO 2.4 GHZ BPC 5271/17,Kit teclado e mouse 2.4GHz BPC 5271/17,"65,00 BRL",in stock,new,BPC,kit-bpc-5271.webp,https://www.primosinformatica.com.br,Electronics > Computers & Accessories
1137,TECLADO MAXPRINT TV PLUS 601476,Teclado Maxprint TV Plus 601476,"140,00 BRL",in stock,new,Maxprint,teclado-maxprint-tvplus-601476.webp,https://www.primosinformatica.com.br,Electronics > Computers & Accessories
402389,KIT TECLADO MINI SEM FIO HMASTON JP102,Kit teclado mini sem fio JP102,"105,00 BRL",in stock,new,Hmaston,kit-hmaston-jp102.webp,https://www.primosinformatica.com.br,Electronics > Computers & Accessories
1628,TECLADO HMASTON WIRELESS BLUETOOTH ABNT2 JP101,Teclado wireless Bluetooth ABNT2 JP101,"80,00 BRL",in stock,new,Hmaston,teclado-hmaston-jp101.webp,https://www.primosinformatica.com.br,Electronics > Computers & Accessories
1143,TECLADO GAMER MEC CYBERTRONIC DAZZ,Teclado gamer mecânico Cybertronic,"260,00 BRL",in stock,new,Dazz,teclado-dazz-cybertronic.webp,https://www.primosinformatica.com.br,Electronics > Computers & Accessories
1136,TECLADO INOVA PRIME GAMER USB KEY-9968,Teclado Inova Prime Gamer KEY-9968,"75,00 BRL",in stock,new,Inova,teclado-inova-key9968.webp,https://www.primosinformatica.com.br,Electronics > Computers & Accessories
1895,MOUSE LOGITECH USB M90 CINZA,Mouse USB M90 cinza,"45,00 BRL",in stock,new,Logitech,mouse-logitech-m90-cinza.webp,https://www.primosinformatica.com.br,Electronics > Computers & Accessories
1576,MOUSE LOGITECH WIRELESS AZUL M170,Mouse wireless M170 azul,"154,00 BRL",in stock,new,Logitech,mouse-logitech-m170-azul-v2.webp,https://www.primosinformatica.com.br,Electronics > Computers & Accessories
1576,MOUSE LOGITECH WIRELESS PRETO M170,Mouse wireless M170 preto,"64,65 BRL",in stock,new,Logitech,mouse-logitech-m170-preto-v2.webp,https://www.primosinformatica.com.br,Electronics > Computers & Accessories
1840,MOUSE LOGITECH WIRELESS ANYWHERE 3S GRAF,Mouse wireless Anywhere 3S grafite,"600,00 BRL",in stock,new,Logitech,mouse-logitech-anywhere-3s.webp,https://www.primosinformatica.com.br,Electronics > Computers & Accessories
400936,MOUSE MULTILASER SEM FIO PRETO MO307,Mouse Multilaser sem fio MO307 preto,"45,00 BRL",in stock,new,Multilaser,mouse-multilaser-mo307-v2.webp,https://www.primosinformatica.com.br,Electronics > Computers & Accessories
1938,MOUSE MULTILASER SEM FIO RECARREGAVEL 2.4 GHZ MO277,Mouse Multilaser recarregável MO277 2.4GHz,"75,00 BRL",in stock,new,Multilaser,mouse-multilaser-mo277-v2.webp,https://www.primosinformatica.com.br,Electronics > Computers & Accessories
1938,MOUSE MULTILASER S/FIO BLUETOOTH M5750 MO403,Mouse Multilaser Bluetooth M5750 MO403,"90,00 BRL",in stock,new,Multilaser,mouse-multilaser-mo403-v2.webp,https://www.primosinformatica.com.br,Electronics > Computers & Accessories
1562,UBIQUITI AP UNIFI AC U6-PRO 4X4 S/FONTE,Access Point UniFi AC U6-Pro 4x4 sem fonte,"1775,00 BRL",in stock,new,Ubiquiti,ap-ubiquiti-u6pro.webp,https://www.primosinformatica.com.br,Electronics > Computers & Accessories
1072,UBIQUITI AP UNIFI UAP-AC-LITE-BR,accessAccess Point UniFi UAP-AC-Lite,"890,00 BRL",in stock,new,Ubiquiti,ap-ubiquiti-uap-ac-lite.webp,https://www.primosinformatica.com.br,Electronics > Computers & Accessories
1559,REPETIDOR WIRELES TP LINK DUAL BAND AC750 RE200,Repetidor Dual Band AC750 RE200,"189,00 BRL",in stock,new,TP-Link,repetidor-tplink-re200.webp,https://www.primosinformatica.com.br,Electronics > Computers & Accessories
1557,ADAPTADOR USB WIRELESS TX20U PLUS TP-LINK WI-FI 6,Adaptador USB TX20U Plus WiFi 6,"225,00 BRL",in stock,new,TP-Link,adaptador-tplink-tx20u-plus.webp,https://www.primosinformatica.com.br,Electronics > Computers & Accessories
1617,MONITOR 21.5 GBT LED HDMI E VGA GBT-M218,Monitor 21.5 GBT-M218 HDMI VGA,"312,00 BRL",in stock,new,GBT,monitor-gbt-215-hdmi-vga-m218.webp,https://www.primosinformatica.com.br,Electronics > Computers & Accessories
1618,MONITOR 23.5 GBT LED HDMI VGA GBT-M218,Monitor 23.5 GBT-M218 HDMI VGA,"410,88 BRL",in stock,new,GBT,monitor-gbt-235-hdmi-vga-m218.webp,https://www.primosinformatica.com.br,Electronics > Computers & Accessories
1932,MONITOR 32 SAMSUNG GAMER QHD LS32CG55 ODYSSEY,Monitor gamer 32 QHD LS32CG55 Odyssey,"1650,00 BRL",in stock,new,Samsung,monitor-samsung-32-gamer-qhd-odyssey.webp,https://www.primosinformatica.com.br,Electronics > Computers & Accessories
1633,MONITOR 24 DX 1K 165HZ CURVO ALTO-FALANTE 3W HDMI,Monitor curvo 24 1K 165Hz alto-falante,"955,00 BRL",in stock,new,DX,monitor-dx-24-curvo-165hz-speaker.webp,https://www.primosinformatica.com.br,Electronics > Computers & Accessories
1634,MONITOR 27 DX 165HZ SPEAKER ALTO-FALANTE IPS BOX,Monitor 27 IPS 165Hz alto-falante,"1050,00 BRL",in stock,new,DX,monitor-dx-27-ips-165hz-speaker.webp,https://www.primosinformatica.com.br,Electronics > Computers & Accessories
401115,MONITOR 18.5 AOC LED E970SWNHL HDMI,Monitor 18.5 E970SWNHL HDMI,"563,00 BRL",in stock,new,AOC,monitor-aoc-185-led-e970swnhl.webp,https://www.primosinformatica.com.br,Electronics > Computers & Accessories
400759,MONITOR 21.5 LED SAMSUNG LS22F350FHLMZD,Monitor 21.5 LS22F350FHLMZD,"1168,00 BRL",in stock,new,Samsung,monitor-samsung-215-led-ls22f350fhlmzd.webp,https://www.primosinformatica.com.br,Electronics > Computers & Accessories
1888,PROCESSADOR INTEL CELERON 1151 LGA1200 G5905 4MB,Intel Celeron G5905 LGA1200 4MB,"225,00 BRL",in stock,new,Intel,g5905.webp,https://www.primosinformatica.com.br,Electronics > Computers & Accessories
1889,PROCESSADOR INTEL CELERON 1151 LGA1200 G5925 3.6GHZ,Intel Celeron G5925 3.6GHz LGA1200,"225,00 BRL",in stock,new,Intel,g5925.webp,https://www.primosinformatica.com.br,Electronics > Computers & Accessories
1039,PROCESSADOR INTEL I3 LGA1150 4150/4160 3.4GHZ 3MB OEM,Intel Core i3 4150/4160 3.4GHz 3MB OEM,"76,50 BRL",in stock,new,Intel,i34150.webp,https://www.primosinformatica.com.br,Electronics > Computers & Accessories
1721,PROCESSADOR INTEL I3 LGA1151 9100F 3.6GHZ 3MB 9GER,Intel Core i3 9100F 3.6GHz 9ª geração,"460,00 BRL",in stock,new,Intel,i39100f.webp,https://www.primosinformatica.com.br,Electronics > Computers & Accessories
1891,PROCESSADOR INTEL I3 LGA1200 10100F 3.6GHZ 6MB 10ªG,Intel Core i3 10100F 3.6GHz 6MB 10ª geração,"529,00 BRL",in stock,new,Intel,i310100f.webp,https://www.primosinformatica.com.br,Electronics > Computers & Accessories
401960,PROCESSADOR INTEL I3 LGA1200 CORE 10105 3.70GHZ 6MB,Intel Core i3 10105 3.7GHz 6MB,"900,00 BRL",in stock,new,Intel,i310105.webp,https://www.primosinformatica.com.br,Electronics > Computers & Accessories
1830,PROCESSADOR INTEL I5 LGA1150 4570 4ªG,Intel Core i5 4570 4ª geração,"210,00 BRL",in stock,new,Intel,i54570.webp,https://www.primosinformatica.com.br,Electronics > Computers & Accessories
1831,PROCESSADOR INTEL I5 LGA1151 8400 OEM,Intel Core i5 8400 OEM,"721,00 BRL",in stock,new,Intel,i58400.webp,https://www.primosinformatica.com.br,Electronics > Computers & Accessories
1722,PROCESSADOR INTEL I5 LGA1151 9400F OEM,Intel Core i5 9400F OEM,"635,88 BRL",in stock,new,Intel,i59400f.webp,https://www.primosinformatica.com.br,Electronics > Computers & Accessories
1719,PROCESSADOR INTEL I5 LGA1155 3570 3.8GHZ 6MB OEM,Intel Core i5 3570 3.8GHz 6MB OEM,"190,00 BRL",in stock,new,Intel,i53570.webp,https://www.primosinformatica.com.br,Electronics > Computers & Accessories
1638,PROCESSADOR INTEL I5 LGA1155 3470 3.2GHZ OEM,Intel Core i5 3470 3.2GHz OEM,"188,00 BRL",in stock,new,Intel,i53470.webp,https://www.primosinformatica.com.br,Electronics > Computers & Accessories
402467,PROCESSADOR INTEL I5 LGA1200 11400F 2.6 GHZ 12MB 11ª,Intel Core i5 11400F 2.6GHz 12MB 11ª geração,"1040,00 BRL",in stock,new,Intel,i511400f.webp,https://www.primosinformatica.com.br,Electronics > Computers & Accessories
1774,PROCESSADOR INTEL I5 LGA1700 12400F 4.4 GHZ 12MB,Intel Core i5 12400F LGA1700 12ª geração,"905,00 BRL",in stock,new,Intel,i512400f.webp,https://www.primosinformatica.com.br,Electronics > Computers & Accessories
1042,PROCESSADOR INTEL I5 13400 LGA1700,Intel Core i5 13400 2.5GHz 20MB 13ª geração,"1634,01 BRL",in stock,new,Intel,i513400.webp,https://www.primosinformatica.com.br,Electronics > Computers & Accessories
1890,PROCESSADOR INTEL I5 14400 LGA1700,Intel Core i5 14400 14ª geração,"1700,00 BRL",in stock,new,Intel,i514400.webp,https://www.primosinformatica.com.br,Electronics > Computers & Accessories
402614,PROCESSADOR INTEL I7 3770 LGA1155,Intel Core i7 3770 3.9GHz,"465,00 BRL",in stock,new,Intel,i73770.webp,https://www.primosinformatica.com.br,Electronics > Computers & Accessories
1891,PROCESSADOR INTEL PENTIUM G5400T,Intel Pentium G5400T 3.1GHz,"399,00 BRL",in stock,new,Intel,g5400t.webp,https://www.primosinformatica.com.br,Electronics > Computers & Accessories
2001,PLACA MAE BRAZIL PC H61 ITX M.2,Placa Mãe Brazil PC H61 ITX M.2,"189,00 BRL",in stock,new,Brazil PC,bpc-h61-itx.webp,https://www.primosinformatica.com.br,Electronics > Computers & Accessories
2002,PLACA MAE BRASIL PC B1150 H81 BPCH81M,Placa Mãe Brasil PC B1150 H81,"219,00 BRL",in stock,new,Brasil PC,bpch81m.webp,https://www.primosinformatica.com.br,Electronics > Computers & Accessories
2003,PLACA MAE ASUS PRIME H310M-E HDMI DDR4,Placa Mãe ASUS Prime H310M-E HDMI DDR4,"610,00 BRL",in stock,new,ASUS,h310meprime.webp,https://www.primosinformatica.com.br,Electronics > Computers & Accessories
2004,PLACA MAE ASUS H310M-C / H310M-H,Placa Mãe ASUS H310M-C / H310M-H,"548,00 BRL",in stock,new,ASUS,h310mh.webp,https://www.primosinformatica.com.br,Electronics > Computers & Accessories
2005,PLACA MAE ASUS H610M-CS D4 PRIME,Placa Mãe ASUS H610M-CS D4 PRIME,"702,00 BRL",in stock,new,ASUS,h610mcsprime.webp,https://www.primosinformatica.com.br,Electronics > Computers & Accessories
2006,PLACA MAE ASUS PRIME H610M-K D4 PRIME 12ª GER,Placa Mãe ASUS Prime H610M-K D4 Prime 12ª geração,"702,00 BRL",in stock,new,ASUS,h610mk.webp,https://www.primosinformatica.com.br,Electronics > Computers & Accessories
2009,PLACA MAE PCWARE 1151 8ª/9ª IPMH310G DDR4,Placa Mãe PCWARE 1151 8ª/9ª IPMH310G DDR4,"530,00 BRL",in stock,new,PCWARE,ipmh310g.webp,https://www.primosinformatica.com.br,Electronics > Computers & Accessories
2010,PLACA MAE PCWARE 1151 8ª/9ª IPMH310G DDR4 PRO,Placa Mãe PCWARE 1151 8ª/9ª IPMH310G DDR4 PRO,"470,00 BRL",in stock,new,PCWARE,ipmh310gpro.webp,https://www.primosinformatica.com.br,Electronics > Computers & Accessories
2011,PLACA MAE HAYOM H155 H61M EL DDR3 PLM2300,Placa Mãe Hayom H155 H61M EL DDR3,"199,00 BRL",in stock,new,Hayom,plm2300.webp,https://www.primosinformatica.com.br,Electronics > Computers & Accessories
2012,PLACA MAE HAYOM H155 B75M S/V/R DDR3 PLM2301,Placa Mãe Hayom H155 B75M S/V/R DDR3,"209,00 BRL",in stock,new,Hayom,plm2301.webp,https://www.primosinformatica.com.br,Electronics > Computers & Accessories
1828,PLACA DE VÍDEO NVIDIA INNO3D RTX3060 12GB DDR6,RTX 3060 12GB DDR6 PCIe 4.0,"2185,50 BRL",in stock,new,NVIDIA,rtx3060.webp,https://www.primosinformatica.com.br,Electronics > Computers & Accessories
402487,PLACA DE VÍDEO NVIDIA GTX 550 1GB DDR5 128 BITS,GTX 550 1GB DDR5 128 bits,"326,00 BRL",in stock,new,NVIDIA,gtx550.webp,https://www.primosinformatica.com.br,Electronics > Computers & Accessories
1572,PLACA DE VÍDEO NVIDIA GT740 2GB DDR3 BLUECASE,GT740 2GB DDR3 128 bits BlueCase,"363,00 BRL",in stock,new,NVIDIA,gt740.webp,https://www.primosinformatica.com.br,Electronics > Computers & Accessories
1571,PLACA DE VÍDEO NVIDIA GT710 2GB DDR3 HOOPSON,GT710 2GB DDR3 64 bits Hoopson,"435,00 BRL",in stock,new,NVIDIA,gt710.webp,https://www.primosinformatica.com.br,Electronics > Computers & Accessories
401640,PLACA DE VÍDEO AMD R5 230 2GB DDR3 PCYES,Radeon R5 230 2GB DDR3 64 bits PCYes,"240,00 BRL",in stock,new,AMD,r5230.webp,https://www.primosinformatica.com.br,Electronics > Computers & Accessories
1046,PLACA DE VÍDEO AMD RX570 8GB DDR5 PCYES,RX570 8GB DDR5 256 bits PCYes,"964,60 BRL",in stock,new,AMD,rx570.webp,https://www.primosinformatica.com.br,Electronics > Computers & Accessories
1899,PLACA DE VÍDEO NVIDIA GTX1050 4GB DDR5 GALAX,GTX 1050 4GB DDR5 128 bits Galax,"1190,00 BRL",in stock,new,NVIDIA,gtx1050.webp,https://www.primosinformatica.com.br,Electronics > Computers & Accessories
402270,PLACA DE VÍDEO NVIDIA GTX1050 TI 4GB DDR5 ASUS,GTX 1050 Ti 4GB DDR5 128 bits ASUS,"1530,00 BRL",in stock,new,NVIDIA,gtx1050ti.webp,https://www.primosinformatica.com.br,Electronics > Computers & Accessories
401807,PLACA DE VÍDEO NVIDIA GTX1660 6GB DDR5 GALAX,GTX 1660 6GB DDR5 192 bits Galax,"1534,50 BRL",in stock,new,NVIDIA,gtx1660.webp,https://www.primosinformatica.com.br,Electronics > Computers & Accessories
1933,HD SSD 120GB 2.5 GET,SSD 120GB 2.5 polegadas GET,"190,00 BRL",in stock,new,GET,ssd120get.webp,https://www.primosinformatica.com.br,Electronics > Computers & Accessories
1548,HD SSD 240GB 2.5 SANDISK 530MB/S G26,SSD 240GB 2.5 SANDISK 530MB/s G26,"425,00 BRL",in stock,new,SANDISK,ssd240sandisk.webp,https://www.primosinformatica.com.br,Electronics > Computers & Accessories
1866,HD SSD 240GB SSD1901 HAYOM,SSD 240GB modelo SSD1901,"315,00 BRL",in stock,new,HAYOM,ssd240hayom.webp,https://www.primosinformatica.com.br,Electronics > Computers & Accessories
1482,HD SSD 240GB KINGSTON A400 SA400S37/240G,SSD 240GB KINGSTON A400 SA400S37/240G,"421,86 BRL",in stock,new,KINGSTON,ssd240kingston.webp,https://www.primosinformatica.com.br,Electronics > Computers & Accessories
1942,HD SSD 480 GB 2.5 HAYOM,SSD 480GB 2.5 polegadas,"370,00 BRL",in stock,new,HAYOM,ssd480hayom.webp,https://www.primosinformatica.com.br,Electronics > Computers & Accessories
1919,HD SSD 480 GB 2.5 GOTECH,SSD 480GB 2.5 polegadas,"410,00 BRL",in stock,new,GOTECH,ssd480gotech.webp,https://www.primosinformatica.com.br,Electronics > Computers & Accessories
1713,HD SSD 480 GB 2.5 HIK SEMI MEWE,SSD 480GB 2.5 polegadas HIK SEMI MEWE,"390,00 BRL",in stock,new,HIK SEMI MEWE,ssd480hiksemi.webp,https://www.primosinformatica.com.br,Electronics > Computers & Accessories
1483,HD SSD 480 GB 2.5 KINGSTON SA400S37,SSD 480GB KINGSTON SA400S37,"520,00 BRL",in stock,new,KINGSTON,ssd480kingston.webp,https://www.primosinformatica.com.br,Electronics > Computers & Accessories
1062,NVME SSD M.2 2280 KINGSTON 1 TB NVME,SSD NVME M.2 2280 1TB,"1451,00 BRL",in stock,new,KINGSTON,ssd1tbnvme.webp,https://www.primosinformatica.com.br,Electronics > Computers & Accessories
1033,NVME SSD M.2 2280 KINGSTON 500GB 2.5,SSD NVME M.2 2280 500GB 2.5 polegadas,"520,00 BRL",in stock,new,KINGSTON,ssd500nvme.webp,https://www.primosinformatica.com.br,Electronics > Computers & Accessories
1853,SSD M.2 2280 SATA3 MACROVIP SWB 256GB,SSD M.2 2280 SATA3 SWB 256GB,"190,00 BRL",in stock,new,MACROVIP,ssd256macrovip.webp,https://www.primosinformatica.com.br,Electronics > Computers & Accessories
1054,SSD 256GB 2.5 FNX GAMER,SSD 256GB 2.5 polegadas FNX GAMER,"320,00 BRL",in stock,new,FNX,ssd256fnx.webp,https://www.primosinformatica.com.br,Electronics > Computers & Accessories
1485,HD EXTERNO 1TB SEAGATE EXPANSION USB 3.0,HD externo 1TB Seagate Expansion USB 3.0,"490,00 BRL",in stock,new,Seagate,hd1tb_sea.webp,https://www.primosinformatica.com.br,Electronics > Computers & Accessories
1486,HD EXTERNO 2TB SEAGATE PORTÁTIL EXPANSION USB 3.0,HD externo portátil 2TB Seagate Expansion USB 3.0,"620,00 BRL",in stock,new,Seagate,hd2tb_sea.webp,https://www.primosinformatica.com.br,Electronics > Computers & Accessories
1779,HD EXTERNO 4TB SEAGATE USB 3.0 EXPANSION,HD externo 4TB Seagate Expansion USB 3.0,"1110,00 BRL",in stock,new,Seagate,hd4tb_sea.webp,https://www.primosinformatica.com.br,Electronics > Computers & Accessories
1598,HD INTERNO 3TB SATA3 SEAGATE CONSTELLATION 7200,HD interno 3TB Seagate Constellation SATA3 7200 RPM,"710,45 BRL",in stock,new,Seagate,hd3tb_sea.webp,https://www.primosinformatica.com.br,Electronics > Computers & Accessories
1884,FONTE REAL 500W ATX AEROCOOL KCAS 500,Fonte Real 500W ATX Aerocool KCAS 500,"375,00 BRL",in stock,new,Aerocool,aerocool_fonte500w.webp,https://www.primosinformatica.com.br,Electronics > Computers & Accessories
1885,FONTE AEROCOOL VX PLUS 700W 80 PLUS BRONZE,Fonte Aerocool VX Plus 700W 80 Plus Bronze,"398,00 BRL",in stock,new,Aerocool,aerocool_fonte700w.webp,https://www.primosinformatica.com.br,Electronics > Computers & Accessories
1886,FONTE REAL 1000W ATX AEROCOOL KCAS 80 PLUS GOLD,Fonte Real 1000W ATX Aerocool KCAS PFC Ativo,"945,00 BRL",in stock,new,Aerocool,aerocool_fonte1000w.webp,https://www.primosinformatica.com.br,Electronics > Computers & Accessories
1887,FONTE REAL 500W CORSAIR VS500 80 PLUS CP9020223BR,Fonte Real 500W Corsair VS500 80 Plus CP9020223BR,"492,00 BRL",in stock,new,Corsair,corsair_fonte500w.webp,https://www.primosinformatica.com.br,Electronics > Computers & Accessories
1888,FONTE HAYOM HX-200W,Fonte Hayom HX-200W,"60,00 BRL",in stock,new,Hayom,hayom_fonte200w.webp,https://www.primosinformatica.com.br,Electronics > Computers & Accessories
1889,FONTE REAL 500WR ATX MGS,Fonte Real 500WR ATX MGS,"148,00 BRL",in stock,new,MGS,mgs_fonte500w.webp,https://www.primosinformatica.com.br,Electronics > Computers & Accessories
1892,FONTE REAL 750 W 80 PLUS MGS,Fonte Real 750W 80 Plus MGS,"390,00 BRL",in stock,new,MGS,mgs_fonte750w.webp,https://www.primosinformatica.com.br,Electronics > Computers & Accessories
2011,PLACA MAE BRAZIL PC 1155 DDR3 BPC-H61-ITX-M.2,Placa Mãe Brazil PC 1155 DDR3 BPC-H61-ITX-M.2,"168,00 BRL",in stock,new,Brazil PC,bpc-h61-itx-m2.webp,https://www.primosinformatica.com.br,Electronics > Computers & Accessories
2012,PLACA MAE GIGABYTE 1151 8ª/9ªG H310M-H DDR4,Placa Mãe Gigabyte 1151 8ª/9ªG H310M-H DDR4,"548,00 BRL",in stock,new,Gigabyte,gigabyte-h310mh.webp,https://www.primosinformatica.com.br,Electronics > Computers & Accessories
2013,PLACA MAE GIGABYTE-H610M.K 1700 HDMI ATX,Placa Mãe Gigabyte H610M.K 1700 HDMI ATX,"700,00 BRL",in stock,new,Gigabyte,gigabyte-h610mk.webp,https://www.primosinformatica.com.br,Electronics > Computers & Accessories
2014,PLACA MAE HAYOM 1155 B75M S/V/R DDR3 PLM2301,Placa Mãe Hayom 1155 B75M S/V/R DDR3 PLM2301,"185,00 BRL",in stock,new,Hayom,hayom-1155-b75m.webp,https://www.primosinformatica.com.br,Electronics > Computers & Accessories
2015,PLACA MAE HAYOM 1155 H61M EL DDR3 PLM2300,Placa Mãe Hayom 1155 H61M EL DDR3 PLM2300,"160,00 BRL",in stock,new,Hayom,hayom-1155-h61m.webp,https://www.primosinformatica.com.br,Electronics > Computers & Accessories
2016,PLACA MAE PCWARE 1151 8ª IPMB360 PRO-GAMING DDR4,Placa Mãe PCWARE 1151 8ª IPMB360 PRO-GAMING DDR4,"828,00 BRL",in stock,new,PCWARE,pcware-1151-ipmb360.webp,https://www.primosinformatica.com.br,Electronics > Computers & Accessories
1906,AMD RYZEN 5 5600GT,"Processador AMD Ryzen 5 5600GT - 6 núcleos, 12 threads, clock até 4.6GHz","1208,00 BRL",in stock,new,AMD,amd-ryzen5-5600gt.webp,https://www.primosinformatica.com.br,Electronics > Computers & Accessories
