1006;MONITOR 19" HAYOM MO6001 PROMOÇÃO;Monitor;285,00;1;Monitor 19" MO6001;Hayom;sim;monitor-hayom-19-mo6001.webp
400772;MONITOR 21.5 PHILIPS LED FULL HD 221V8 WVA HDMI;Monitor;825,00;1;Monitor 21,5" Full HD 221V8 WVA HDMI;Philips;nao;monitor-philips-215-fullhd-221v8.webp
1117;MONITOR 15,4 HAYOM MO 6006;Monitor;300,00;1;Monitor 15,4" MO6006;Hayom;nao;monitor-hayom-154-mo6006.webp
1115;MONITOR 17,1 HAYOM MO6004;Monitor;330,00;1;Monitor 17,1" MO6004;Hayom;nao;monitor-hayom-171-mo6004.webp
1617;MONITOR 21,5 GBT LED HDMI E VGA GBT-M218;Monitor;312,00;1;Monitor 21,5" GBT-M218 HDMI/VGA;GBT;nao;monitor-gbt-215-hdmi-vga-m218.webp
1618;MONITOR 23,5 GBT LED HDMI VGA GBT-M218;Monitor;410,88;1;Monitor 23,5" GBT-M218 HDMI/VGA;GBT;nao;monitor-gbt-235-hdmi-vga-m218.webp
1932;MONITOR 32 SAMSUNG GAMER QHD LS32CG55 ODYSSEY;Monitor;1.650,00;1;Monitor gamer 32" QHD LS32CG55 Odyssey;Samsung;nao;monitor-samsung-32-gamer-qhd-odyssey.webp
1633;MONITOR 24" DX 1K 165HZ CURVO ALT FALANT 3W HDMI;Monitor;955,00;1;Monitor curvo 24" 1K 165Hz c/ alto-falante;DX;nao;monitor-dx-24-curvo-165hz-speaker.webp
1634;MONITOR 27 DX 165HZ SPEKER ALTFALANTE IPS BOX;Monitor;1.050,00;1;Monitor 27" IPS 165Hz c/ alto-falante;DX;nao;monitor-dx-27-ips-165hz-speaker.webp
401115;MONITOR 18,5 AOC LED E970SWNHL HDMI;Monitor;563,00;1;Monitor 18,5" E970SWNHL HDMI;AOC;nao;monitor-aoc-185-led-e970swnhl.webp
400759;MONITOR 21.5 LED SAMSUNG LS22F350FHLMZD;Monitor;1.168,00;1;Monitor 21,5" LS22F350FHLMZD;Samsung;nao;monitor-samsung-215-led-ls22f350fhlmzd.webp
1888;PROCESSADOR INTEL CELERON 1151 LGA1200 G5905 4MB;Processador;214,99;23;Intel Celeron G5905 LGA1200 4MB;Intel;nao;g5905.webp
1889;PROCESSADOR INTEL CELERON 1151 LGA1200 G5925 3.6GHZ;Processador;214,99;16;Intel Celeron G5925 3.6GHz LGA1200;Intel;nao;g5925.webp
1039;PROCESSADOR INTEL I3 LGA1150 4150/4160 3.4GHZ 3MB OEM;Processador;75,90;5;Intel Core i3 4150/4160 3.4GHz 3MB OEM;Intel;nao;i34150.webp
1721;PROCESSADOR INTEL I3 LGA1151 9100F 3.6GHZ 3MB 9GER;Processador;429,90;5;Intel Core i3 9100F 3.6GHz 9ª geração;Intel;nao;i39100f.webp
1891;PROCESSADOR INTEL I3 LGA1200 10100F 3.6GHZ 6MB 10ªG;Processador;499,90;28;Intel Core i3 10100F 3.6GHz 6MB 10ª geração;Intel;sim;i310100f.webp
401960;PROCESSADOR INTEL I3 LGA1200 CORE 10105 3.70GHZ 6MB;Processador;920,00;5;Intel Core i3 10105 3.7GHz 6MB;Intel;nao;i310105.webp
1830;PROCESSADOR INTEL I5 LGA1150 4570 4ªG;Processador;199,90;10;Intel Core i5 4570 4ª geração;Intel;nao;i54570.webp
1831;PROCESSADOR INTEL I5 LGA1151 8400 OEM;Processador;672,00;1;Intel Core i5 8400 OEM;Intel;nao;i58400.webp
1722;PROCESSADOR INTEL I5 LGA1151 9400F OEM;Processador;590,00;5;Intel Core i5 9400F OEM;Intel;nao;i59400f.webp
1719;PROCESSADOR INTEL I5 LGA1155 3570 3.8GHZ 6MB OEM;Processador;175,90;21;Intel Core i5 3570 3.8GHz 6MB OEM;Intel;sim;i53570.webp
1638;PROCESSADOR INTEL I5 LGA1155 3470 3.2GHZ OEM;Processador;179,90;1;Intel Core i5 3470 3.2GHz OEM;Intel;nao;i53470.webp
402467;PROCESSADOR INTEL I5 LGA1200 11400F 2.6 GHZ 12MB 11ª;Processador;1040,00;1;Intel Core i5 11400F 2.6GHz 12MB 11ª geração;Intel;nao;i511400f.webp
1774;PROCESSADOR INTEL I5 LGA1700 12400F 4.4 GHZ 12MB;Processador;905,00;3;Intel Core i5 12400F LGA1700 12ª geração;Intel;sim;i512400f.webp
1042;PROCESSADOR INTEL I5 13400 LGA1700;Processador;1634,00;2;Intel Core i5 13400 2.5GHz 20MB 13ª geração;Intel;nao;i513400.webp
1890;PROCESSADOR INTEL I5 14400 LGA1700;Processador;1699,00;3;Intel Core i5 14400 14ª geração;Intel;nao;i514400.webp
402614;PROCESSADOR INTEL I7 3770 LGA1155;Processador;432,45;1;Intel Core i7 3770 3.9GHz;Intel;nao;i73770.webp
1890;PROCESSADOR INTEL PENTIUM G5400T;Processador;399,00;4;Intel Pentium G5400T 3.1GHz;Intel;nao;g5400t.webp
1828;NVIDIA PLACA DE VIDEO INNO3D RTX3060 12GB DDR6;Placa de vídeo;2185,50;1;RTX 3060 12GB DDR6 PCIe 4.0;NVIDIA;nao;rtx3060.webp
402487;NVIDIA PLACA DE VIDEO GTX 550 1GB DDR5 128 BITS;Placa de vídeo;303,18;1;GTX 550 1GB DDR5 128 bits;NVIDIA;sim;gtx550.webp
1572;NVIDIA PLACA DE VIDEO GT740 2GB DDR3 BLUECASE;Placa de vídeo;337,59;1;GT740 2GB DDR3 128 bits BlueCase;NVIDIA;sim;gt740.webp
1571;NVIDIA PLACA DE VIDEO GT710 2GB DDR3 HOOPSON;Placa de vídeo;404,55;6;GT710 2GB DDR3 64 bits Hoopson;NVIDIA;sim;gt710.webp
401640;AMD PLACA DE VIDEO R5 230 2GB DDR3 PCYES;Placa de vídeo;223,20;2;Radeon R5 230 2GB DDR3 64 bits PCYes;AMD;sim;r5230.webp
1046;AMD PLACA DE VIDEO RX570 8GB DDR5 PCYES;Placa de vídeo;804,08;2;RX570 8GB DDR5 256 bits PCYes;AMD;sim;rx570.webp
1899;NVIDIA PLACA DE VIDEO GTX1050 4GB DDR5 GALAX;Placa de vídeo;1013,70;2;GTX 1050 4GB DDR5 128 bits Galax;NVIDIA;nao;gtx1050.webp
402270;NVIDIA PLACA DE VIDEO GTX1050 TI 4GB DDR5 ASUS;Placa de vídeo;1329,90;1;GTX 1050 Ti 4GB DDR5 128 bits ASUS;NVIDIA;nao;gtx1050ti.webp
401807;NVIDIA PLACA DE VIDEO GTX1660 6GB DDR5 GALAX;Placa de vídeo;1534,50;1;GTX 1660 6GB DDR5 192 bits Galax;NVIDIA;sim;gtx1660.webp
401583;PLACA MAE ASUS 1151 8ª/9ªG H310M-E PRIME DHMI DDR4;Placa mãe;649,90;1;Placa mãe Asus H310M-E Prime HDMI DDR4 socket 1151 8ª/9ª geração;Asus;nao;h310meprime.webp
1773;PLACA MAE ASUS H610M-CS D4 PRIME 12ª GER;Placa mãe;699,90;1;Placa mãe Asus H610M-CS D4 Prime socket 1700 12ª geração;Asus;nao;h610mcsprime.webp
